[
    {
      "model": "auctions.listing",
      "pk": 1,
      "fields": {
        "title": "Crosscut Beige & Brown Wooden Cylinder Shaped Floor Lamp With Shelves",
        "description": "Set content: 1 floor lamp with 3 shelves, Type: Floor lamp, Color: Beige and brown, Material: Metal",
        "starting_bid": "2500.00",
        "current_bid": "2700.00",
        "image_url": "https://assets.myntassets.com/h_720,q_90,w_540/v1/assets/images/28255504/2024/6/10/c725ee0a-4a53-46d7-b966-ef57f76887d91718001481163-Crosscut-Beige--Brown-Wooden-Cylinder-Shaped-Floor-Lamp-With-2.jpg",
        "category": "HM",
        "is_active": true,
        "created_at": "2025-06-26T12:47:53.584Z",
        "owner": 1,
        "winner": null
      }
    },
    {
      "model": "auctions.listing",
      "pk": 2,
      "fields": {
        "title": "Cotton Linen: Berry",
        "description": "oversized-half shirt, 85% Cotton 15% Linen, Machine Wash",
        "starting_bid": "1000.00",
        "current_bid": "1450.00",
        "image_url": "https://prod-img.thesouledstore.com/public/theSoul/uploads/catalog/product/1713860734_6695773.jpg",
        "category": "FN",
        "is_active": true,
        "created_at": "2025-06-26T12:49:42.106Z",
        "owner": 1,
        "winner": null
      }
    },
    {
      "model": "auctions.listing",
      "pk": 3,
      "fields": {
        "title": "charcoal-grey-regular-fit-jeans",
        "description": "Make sure you've got the denim style nailed down to a T. These regular fit jeans from snitch comes with a cool looking flap and charcoal grey color that will look fresh with everything in your closet. The deep pockets definitely pass the keys, phone and wallet check.",
        "starting_bid": "1400.00",
        "current_bid": "1850.00",
        "image_url": "https://cdn.shopify.com/s/files/1/0420/7073/7058/files/4MSO4594-01_1_792449c1-5044-4458-8df2-b76d065d67e6.jpg?v=1738652090&quality=20",
        "category": "FN",
        "is_active": true,
        "created_at": "2025-06-26T17:12:58.570Z",
        "owner": 1,
        "winner": null
      }
    },
    {
      "model": "auctions.listing",
      "pk": 4,
      "fields": {
        "title": "Oversized Hoodie: Charcoal",
        "description": "The struggle is real: wanting to just lazy around while also feeling prepared to, you know, maybe answer the door if the pizza guy arrives. Enter the men's hoodies  your secret weapon for both relaxation and the outside world (if you absolutely must).",
        "starting_bid": "2000.00",
        "current_bid": "2200.00",
        "image_url": "https://prod-img.thesouledstore.com/public/theSoul/uploads/catalog/product/1750936534_7074519.jpg",
        "category": "FN",
        "is_active": false,
        "created_at": "2025-06-27T08:37:41.722Z",
        "owner": 3,
        "winner": null
      }
    },
    {
      "model": "auctions.listing",
      "pk": 5,
      "fields": {
        "title": "Chumbak Orange-Colored & Green Printed Begum Wing Chair",
        "description": "Design: Begum Wing Chair, Shape: Square, Top Material: Fabric, Frame Matrial: Wood, Type: Lounge Chair",
        "starting_bid": "10000.00",
        "current_bid": "10000.00",
        "image_url": "https://assets.myntassets.com/h_720,q_90,w_540/v1/assets/images/30049947/2024/6/26/cc5c5b32-5a69-4675-83f1-f083ed2526a11719389660567LoungeChair2.jpg",
        "category": "HM",
        "is_active": true,
        "created_at": "2025-06-27T08:40:41.593Z",
        "owner": 3,
        "winner": null
      }
    },
    {
      "model": "auctions.listing",
      "pk": 6,
      "fields": {
        "title": "Havells Centura Neo White 6K IP66 Waterproof LED Flood Light With 120 Wide Beam-10W",
        "description": "Product Details: Set content:  LED Flood light, Colour: White & Black, Pattern: Solid",
        "starting_bid": "700.00",
        "current_bid": "750.00",
        "image_url": "https://assets.myntassets.com/h_720,q_90,w_540/v1/assets/images/31983211/2024/12/16/a6dd2fa3-54d5-4213-921e-bb6dcc976f861734344183892FloodLight1.jpg",
        "category": "EL",
        "is_active": false,
        "created_at": "2025-06-27T09:03:19.304Z",
        "owner": 3,
        "winner": null
      }
    },
    {
      "model": "auctions.listing",
      "pk": 7,
      "fields": {
        "title": "Pexpo Black & Blue Colourblocked Stainless Steel Double Wall Vacuum Water Bottle-940 ml",
        "description": "Product Design: Set content: Single, Colour: Black & Blue, Print: Colourblocked, Material: Stainless steel, Capacity: 940 ml, Type: Flask",
        "starting_bid": "1000.00",
        "current_bid": "1000.00",
        "image_url": "https://assets.myntassets.com/h_720,q_90,w_540/v1/assets/images/2025/FEBRUARY/6/GPPWLVNM_1da637e6e44d4cfc9765b8a8a49dbfaf.jpg",
        "category": "HM",
        "is_active": true,
        "created_at": "2025-06-27T10:47:09.875Z",
        "owner": 4,
        "winner": null
      }
    },
    {
      "model": "auctions.listing",
      "pk": 8,
      "fields": {
        "title": "Adbeni UNO Card Game",
        "description": "Design Details, Type: cards, Age: 7 years plus, Colour: red",
        "starting_bid": "250.00",
        "current_bid": "250.00",
        "image_url": "https://assets.myntassets.com/h_720,q_90,w_540/v1/assets/images/2025/JANUARY/20/KqkQXVvD_a9a47ab45f05470dace6d34096377ade.jpg",
        "category": "TY",
        "is_active": true,
        "created_at": "2025-06-27T12:29:25.004Z",
        "owner": 5,
        "winner": null
      }
    },
    {
      "model": "auctions.listing",
      "pk": 9,
      "fields": {
        "title": "new toy",
        "description": "af;sdf amfashdf m a\r\nasfhkjashfkasdghfjk;asdh fashdf;kajsd fashfasd fasdfh asdfjkh",
        "starting_bid": "500.00",
        "current_bid": "500.00",
        "image_url": null,
        "category": "TY",
        "is_active": true,
        "created_at": "2025-06-27T18:47:42.941Z",
        "owner": 2,
        "winner": null
      }
    },
    {
      "model": "auctions.listing",
      "pk": 10,
      "fields": {
        "title": "U.S. Polo Assn. Ruben Men PU Lace-Ups Sneakers",
        "description": "A pair of round toe grey sneakers ,has regular styling, Lace-ups detail, Pu upper, Cushioned footbed, Textured and patterned outsole",
        "starting_bid": "2000.00",
        "current_bid": "2000.00",
        "image_url": "https://assets.myntassets.com/h_720,q_90,w_540/v1/assets/images/30560486/2024/9/16/93937d5f-25fd-41de-8669-3c0853e1c63d1726481418045-US-Polo-Assn-Ruben-Men-PU-Lace-Ups-Sneakers-7271726481417549-1.jpg",
        "category": "FN",
        "is_active": true,
        "created_at": "2025-06-28T12:28:43.128Z",
        "owner": 2,
        "winner": null
      }
    },
    {
      "model": "auctions.bid",
      "pk": 21,
      "fields": {
        "amount": "1850.00",
        "listing": 3,
        "user": 4,
        "created_at": "2025-06-28T12:51:05.056Z"
      }
    },
    {
      "model": "auctions.bid",
      "pk": 20,
      "fields": {
        "amount": "1800.00",
        "listing": 3,
        "user": 5,
        "created_at": "2025-06-28T12:46:23.621Z"
      }
    },
    {
      "model": "auctions.bid",
      "pk": 19,
      "fields": {
        "amount": "10000.00",
        "listing": 5,
        "user": 1,
        "created_at": "2025-06-28T11:31:36.166Z"
      }
    },
    {
      "model": "auctions.bid",
      "pk": 18,
      "fields": {
        "amount": "2700.00",
        "listing": 1,
        "user": 6,
        "created_at": "2025-06-28T11:30:38.932Z"
      }
    },
    {
      "model": "auctions.bid",
      "pk": 17,
      "fields": {
        "amount": "2200.00",
        "listing": 4,
        "user": 5,
        "created_at": "2025-06-28T09:32:24.104Z"
      }
    },
    {
      "model": "auctions.bid",
      "pk": 16,
      "fields": {
        "amount": "1700.00",
        "listing": 3,
        "user": 4,
        "created_at": "2025-06-28T08:31:58.260Z"
      }
    },
    {
      "model": "auctions.bid",
      "pk": 15,
      "fields": {
        "amount": "1450.00",
        "listing": 2,
        "user": 4,
        "created_at": "2025-06-27T21:10:50.712Z"
      }
    },
    {
      "model": "auctions.bid",
      "pk": 14,
      "fields": {
        "amount": "1650.00",
        "listing": 3,
        "user": 3,
        "created_at": "2025-06-27T21:05:27.539Z"
      }
    },
    {
      "model": "auctions.bid",
      "pk": 13,
      "fields": {
        "amount": "1400.00",
        "listing": 2,
        "user": 5,
        "created_at": "2025-06-27T20:53:13.387Z"
      }
    },
    {
      "model": "auctions.bid",
      "pk": 12,
      "fields": {
        "amount": "1240.00",
        "listing": 2,
        "user": 4,
        "created_at": "2025-06-27T19:16:02.007Z"
      }
    },
    {
      "model": "auctions.bid",
      "pk": 11,
      "fields": {
        "amount": "1223.00",
        "listing": 2,
        "user": 4,
        "created_at": "2025-06-27T19:15:58.420Z"
      }
    },
    {
      "model": "auctions.bid",
      "pk": 10,
      "fields": {
        "amount": "1200.00",
        "listing": 2,
        "user": 4,
        "created_at": "2025-06-27T19:15:54.132Z"
      }
    },
    {
      "model": "auctions.bid",
      "pk": 9,
      "fields": {
        "amount": "1101.00",
        "listing": 2,
        "user": 4,
        "created_at": "2025-06-27T19:15:51.003Z"
      }
    },
    {
      "model": "auctions.bid",
      "pk": 8,
      "fields": {
        "amount": "1600.00",
        "listing": 3,
        "user": 4,
        "created_at": "2025-06-27T19:07:16.698Z"
      }
    },
    {
      "model": "auctions.bid",
      "pk": 7,
      "fields": {
        "amount": "2700.00",
        "listing": 1,
        "user": 4,
        "created_at": "2025-06-27T19:05:55.349Z"
      }
    },
    {
      "model": "auctions.bid",
      "pk": 6,
      "fields": {
        "amount": "2005.00",
        "listing": 4,
        "user": 4,
        "created_at": "2025-06-27T19:00:10.273Z"
      }
    },
    {
      "model": "auctions.bid",
      "pk": 5,
      "fields": {
        "amount": "1100.00",
        "listing": 2,
        "user": 4,
        "created_at": "2025-06-27T18:49:24.395Z"
      }
    },
    {
      "model": "auctions.bid",
      "pk": 4,
      "fields": {
        "amount": "1470.00",
        "listing": 3,
        "user": 2,
        "created_at": "2025-06-27T18:46:44.808Z"
      }
    },
    {
      "model": "auctions.bid",
      "pk": 3,
      "fields": {
        "amount": "1025.00",
        "listing": 2,
        "user": 2,
        "created_at": "2025-06-27T18:43:41.481Z"
      }
    },
    {
      "model": "auctions.bid",
      "pk": 2,
      "fields": {
        "amount": "750.00",
        "listing": 6,
        "user": 5,
        "created_at": "2025-06-27T17:07:12.482Z"
      }
    },
    {
      "model": "auctions.bid",
      "pk": 1,
      "fields": {
        "amount": "1005.00",
        "listing": 2,
        "user": 2,
        "created_at": "2025-06-26T12:51:06.056Z"
      }
    },
    {
      "model": "auctions.comment",
      "pk": 14,
      "fields": {
        "text": "comment random 348q6afk asddjf asdhfasf;sdfas",
        "user": 1,
        "listing": 5,
        "created_at": "2025-06-28T12:53:22.644Z"
      }
    },
    {
      "model": "auctions.comment",
      "pk": 13,
      "fields": {
        "text": "random comment",
        "user": 5,
        "listing": 3,
        "created_at": "2025-06-28T12:46:35.340Z"
      }
    },
    {
      "model": "auctions.comment",
      "pk": 12,
      "fields": {
        "text": "you should mention the blub's technical specifications too",
        "user": 6,
        "listing": 1,
        "created_at": "2025-06-28T10:21:53.582Z"
      }
    },
    {
      "model": "auctions.comment",
      "pk": 11,
      "fields": {
        "text": "is there any other color available?",
        "user": 4,
        "listing": 3,
        "created_at": "2025-06-28T08:32:31.577Z"
      }
    },
    {
      "model": "auctions.comment",
      "pk": 10,
      "fields": {
        "text": "too expensive. can get it for under 100rs in local markets",
        "user": 4,
        "listing": 8,
        "created_at": "2025-06-27T21:14:55.822Z"
      }
    },
    {
      "model": "auctions.comment",
      "pk": 9,
      "fields": {
        "text": "too expensive..",
        "user": 4,
        "listing": 5,
        "created_at": "2025-06-27T21:09:51.940Z"
      }
    },
    {
      "model": "auctions.comment",
      "pk": 8,
      "fields": {
        "text": "wtf?",
        "user": 4,
        "listing": 9,
        "created_at": "2025-06-27T21:09:38.537Z"
      }
    },
    {
      "model": "auctions.comment",
      "pk": 7,
      "fields": {
        "text": "another random comment",
        "user": 4,
        "listing": 7,
        "created_at": "2025-06-27T21:09:01.703Z"
      }
    },
    {
      "model": "auctions.comment",
      "pk": 6,
      "fields": {
        "text": "random comment",
        "user": 1,
        "listing": 7,
        "created_at": "2025-06-27T21:08:03.875Z"
      }
    },
    {
      "model": "auctions.comment",
      "pk": 5,
      "fields": {
        "text": "size?",
        "user": 1,
        "listing": 3,
        "created_at": "2025-06-27T21:06:45.305Z"
      }
    },
    {
      "model": "auctions.comment",
      "pk": 4,
      "fields": {
        "text": "looks good",
        "user": 3,
        "listing": 3,
        "created_at": "2025-06-27T21:06:12.363Z"
      }
    },
    {
      "model": "auctions.comment",
      "pk": 1,
      "fields": {
        "text": "you mentioned half, but the picturre shows full..",
        "user": 2,
        "listing": 2,
        "created_at": "2025-06-27T21:03:26.597Z"
      }
    },
    {
      "model": "auctions.comment",
      "pk": 2,
      "fields": {
        "text": "is it oversized? doesn't seem so..",
        "user": 4,
        "listing": 2,
        "created_at": "2025-06-27T21:03:26.597Z"
      }
    },
    {
      "model": "auctions.comment",
      "pk": 3,
      "fields": {
        "text": "good product!",
        "user": 5,
        "listing": 2,
        "created_at": "2025-06-27T21:03:26.597Z"
      }
    },
    {
      "model": "auctions.user",
      "pk": 1,
      "fields": {
        "password": "pbkdf2_sha256$1000000$F6PEetW2BNq9enYBSbPSGp$cEwUwb08nPQmTXAyFb0z0rqw9dhl6jY53MnVXEinA7s=",
        "last_login": "2025-06-28T15:54:16.096Z",
        "is_superuser": false,
        "username": "srijan",
        "first_name": "",
        "last_name": "",
        "email": "sjthui@janh.cm",
        "is_staff": false,
        "is_active": true,
        "date_joined": "2025-06-26T10:24:24.019Z",
        "groups": [],
        "user_permissions": [],
        "watchlist": [1, 2]
      }
    },
    {
      "model": "auctions.user",
      "pk": 2,
      "fields": {
        "password": "pbkdf2_sha256$1000000$W7hDuY1tYxYxtTuqCcbJb4$M2QFzp/gY/xFcIMCAyTAcSbqdhRR2zBEBui7CCkb7aM=",
        "last_login": "2025-06-28T12:26:00.525Z",
        "is_superuser": true,
        "username": "sawankshrma",
        "first_name": "",
        "last_name": "",
        "email": "",
        "is_staff": true,
        "is_active": true,
        "date_joined": "2025-06-26T10:25:31.352Z",
        "groups": [],
        "user_permissions": [],
        "watchlist": [5, 10]
      }
    },
    {
      "model": "auctions.user",
      "pk": 3,
      "fields": {
        "password": "pbkdf2_sha256$1000000$cklvi2QnaHOqPX3SZz17N6$+NeJq5cqCZTcGGMXXu0YKV0P4Y3mLko8z8dDbaUia2M=",
        "last_login": "2025-06-28T11:31:46.045Z",
        "is_superuser": false,
        "username": "gagan",
        "first_name": "",
        "last_name": "",
        "email": "gagan@134",
        "is_staff": false,
        "is_active": true,
        "date_joined": "2025-06-27T07:02:59.700Z",
        "groups": [],
        "user_permissions": [],
        "watchlist": [5, 6]
      }
    },
    {
      "model": "auctions.user",
      "pk": 4,
      "fields": {
        "password": "pbkdf2_sha256$1000000$uWkSQfqA8ShT31Di19dPdo$72EsdJ7e8h+CrSgKVNjbmNOVtul0j7DxvGHguHSYSFo=",
        "last_login": "2025-06-28T12:48:57.933Z",
        "is_superuser": false,
        "username": "shashwat",
        "first_name": "",
        "last_name": "",
        "email": "alh@asdl.co",
        "is_staff": false,
        "is_active": true,
        "date_joined": "2025-06-27T10:40:27.038Z",
        "groups": [],
        "user_permissions": [],
        "watchlist": [3, 4]
      }
    },
    {
      "model": "auctions.user",
      "pk": 5,
      "fields": {
        "password": "pbkdf2_sha256$1000000$NoD5SFeFjtOLc2slGNffPJ$+QQj6Gw4S+dLVuFZfB4TR8iKYaMw+FFr9K5yE2crT6o=",
        "last_login": "2025-06-28T12:36:29.160Z",
        "is_superuser": false,
        "username": "shushant",
        "first_name": "",
        "last_name": "",
        "email": "saghkl@asdlkgh.cvo",
        "is_staff": false,
        "is_active": true,
        "date_joined": "2025-06-27T11:04:34.338Z",
        "groups": [],
        "user_permissions": [],
        "watchlist": [4]
      }
    },
    {
      "model": "auctions.user",
      "pk": 6,
      "fields": {
        "password": "pbkdf2_sha256$1000000$Nh3cHuuQV2pkUgNoVUmnuI$X8iPG+STfWBwn5kvnjfdplacE/QXOlqztcjjf0BWBT8=",
        "last_login": "2025-06-28T11:29:19.737Z",
        "is_superuser": false,
        "username": "pranav",
        "first_name": "",
        "last_name": "",
        "email": "prnv@gmail.com",
        "is_staff": false,
        "is_active": true,
        "date_joined": "2025-06-28T10:21:04Z",
        "groups": [],
        "user_permissions": [],
        "watchlist": [6, 8]
      }
    }
]
